releaseName,releaseDate,prsOpened,prsClosed
Iron,2013-09-10T07:06:21Z,286,276
Cobalt,2013-10-02T17:39:02Z,45,48
Nickel,2013-10-02T18:26:25Z,0,1
Copper,2013-10-04T16:25:31Z,6,6
Zinc,2013-10-04T20:14:54Z,1,1
Gallium,2013-10-04T21:10:47Z,0,0
Germanium,2013-10-24T16:21:57Z,45,42
Arsenic,2013-10-30T01:28:49Z,9,11
Selenium,2013-10-31T00:28:57Z,5,4
Bromine,2013-11-08T16:46:21Z,14,16
Krypton,2013-11-15T00:06:45Z,10,7
Rubidium,2013-11-19T00:09:25Z,1,4
Strontium,2013-11-19T17:08:24Z,0,0
Yttrium,2013-11-25T19:40:05Z,18,18
Zirconium,2013-12-04T19:26:06Z,13,13
Niobium,2013-12-05T00:32:52Z,1,2
Molybdenum,2013-12-06T00:44:55Z,4,2
Technetium,2013-12-09T22:40:54Z,10,11
Ruthenium,2013-12-17T20:42:25Z,24,23
Rhodium,2014-01-15T00:39:14Z,30,29
Palladium,2014-01-16T01:54:06Z,4,7
Silver,2014-01-17T18:12:05Z,2,3
Cadmium,2014-01-23T00:38:47Z,11,9
Indium,2014-02-03T06:51:15Z,16,15
Tin,2014-02-13T00:17:36Z,19,22
Antimony,2014-02-20T20:23:08Z,18,15
Tellurium,2014-02-25T14:19:42Z,5,7
Iodine,2014-02-26T00:09:13Z,2,1
Xenon,2014-02-26T00:41:15Z,0,0
Caesium,2014-02-26T03:55:19Z,0,0
Barium,2014-02-26T17:22:02Z,0,1
Lanthanum,2014-02-26T19:23:03Z,0,0
Cerium,2014-02-26T19:55:43Z,0,0
Praseodymium,2014-02-26T20:00:43Z,0,0
Neodymium,2014-02-27T01:16:41Z,0,0
Promethium,2014-02-27T23:59:06Z,3,3
62,2014-02-28T18:01:54Z,4,2
63,2014-03-01T22:50:12Z,4,6
64,2014-03-01T23:56:21Z,0,0
65,2014-03-03T23:51:39Z,2,2
66,2014-03-04T22:52:48Z,4,6
67,2014-03-05T01:57:08Z,5,2
68,2014-03-06T17:06:59Z,5,5
69,2014-03-06T23:04:47Z,1,2
70,2014-03-10T15:52:35Z,2,4
71,2014-03-10T18:18:56Z,1,2
72,2014-03-13T19:41:08Z,5,5
73,2014-03-14T16:14:50Z,1,1
74,2014-03-20T16:26:13Z,7,6
75,2014-03-20T22:22:32Z,1,0
76,2014-03-24T16:38:40Z,4,3
77,2014-03-25T17:00:46Z,2,4
78,2014-03-25T17:55:32Z,0,0
79,2014-03-27T11:28:26Z,1,1
80,2014-03-28T21:25:09Z,1,2
81,2014-03-31T18:34:06Z,0,0
82,2014-04-03T15:25:08Z,7,7
83,2014-04-03T22:28:54Z,2,0
84,2014-04-04T21:03:51Z,2,4
85,2014-04-10T21:16:58Z,6,3
86,2014-04-14T18:10:45Z,2,4
87,2014-04-16T01:07:57Z,3,2
88,2014-04-16T15:56:24Z,0,0
89,2014-04-16T16:02:41Z,0,1
90,2014-04-21T16:32:53Z,5,7
91,2014-04-23T18:42:02Z,0,1
92,2014-04-24T16:26:04Z,2,1
93,2014-05-06T13:39:10Z,12,11
94,2014-05-06T16:56:03Z,4,4
95,2014-05-13T14:55:05Z,67,55
96,2014-05-19T15:52:06Z,22,16
97,2014-05-22T19:25:47Z,19,18
98,2014-05-23T16:23:57Z,8,4
99,2014-05-23T21:00:33Z,3,4
100,2014-05-29T22:19:14Z,16,15
101,2014-06-06T17:28:04Z,27,28
102,2014-06-09T16:32:06Z,3,3
103,2014-06-09T19:58:09Z,0,0
104,2014-06-17T18:55:53Z,21,22
105,2014-06-19T16:41:15Z,7,11
106,2014-06-20T20:22:04Z,8,8
107,2014-07-02T16:51:09Z,31,31
108,2014-07-03T16:12:48Z,1,1
109,2014-07-07T20:36:20Z,9,7
110,2014-07-08T01:06:35Z,5,5
111,2014-07-08T16:29:04Z,0,0
112,2014-07-08T20:27:26Z,2,3
113,2014-07-08T22:15:47Z,0,0
114,2014-07-11T16:23:31Z,14,10
115,2014-07-11T20:03:44Z,0,2
116,2014-07-22T17:37:37Z,21,22
117,2014-07-22T19:42:49Z,0,2
118,2014-07-24T18:21:32Z,6,5
119,2014-07-25T15:38:35Z,4,2
120,2014-07-28T21:08:13Z,6,3
121,2014-08-13T12:25:03Z,30,31
122,2014-08-14T19:20:43Z,4,6
123,2014-08-15T19:17:09Z,5,3
124,2014-08-26T18:39:51Z,16,17
125,2014-09-05T16:14:41Z,22,25
126,2014-09-10T17:22:48Z,10,10
127,2014-09-11T20:45:26Z,2,3
128,2014-09-16T16:00:30Z,7,7
129,2014-09-16T17:02:45Z,0,0
130,2014-09-23T17:03:14Z,17,13
131,2014-09-24T17:24:27Z,3,4
132,2014-09-26T22:17:35Z,3,6
133,2014-09-30T20:25:55Z,8,6
134,2014-10-01T16:47:29Z,2,4
135,2014-10-02T17:04:26Z,2,2
136,2014-10-06T20:29:39Z,1,2
137,2014-10-15T18:28:37Z,30,21
138,2014-10-17T19:59:42Z,6,10
139,2014-10-22T17:21:08Z,11,13
140,2014-10-27T21:29:59Z,9,7
141,2014-10-30T18:03:35Z,7,5
142,2014-11-05T23:37:47Z,11,13
143,2014-11-07T17:44:32Z,4,2
144,2014-11-08T03:57:23Z,3,3
145,2014-11-11T17:02:19Z,9,7
146,2014-11-12T18:25:38Z,5,5
147,2014-11-18T17:36:14Z,14,18
148,2014-11-19T19:55:45Z,7,7
149,2014-11-19T23:58:51Z,1,2
150,2014-11-20T20:16:19Z,6,4
151,2014-11-24T21:23:49Z,5,5
152,2014-11-24T22:51:11Z,0,0
153,2014-12-05T16:44:28Z,19,17
154,2014-12-09T00:54:30Z,11,11
155,2014-12-09T21:56:33Z,2,3
156,2014-12-10T20:31:46Z,0,1
157,2014-12-11T21:55:00Z,5,1
158,2014-12-12T17:23:43Z,2,1
159,2014-12-16T20:57:00Z,8,6
160,2014-12-16T23:27:39Z,2,3
161,2014-12-17T02:06:28Z,0,0
162,2014-12-18T19:27:23Z,3,2
163,2014-12-19T21:27:45Z,1,1
164,2014-12-20T02:44:21Z,0,1
165,2014-12-20T02:59:46Z,0,0
166,2015-01-05T20:45:42Z,22,21
0.167.0,2015-01-07T22:02:57Z,5,6
0.168.0,2015-01-07T23:12:22Z,1,0
0.169.0,2015-01-08T17:42:08Z,3,3
0.170.0,2015-01-12T17:18:15Z,6,4
0.171.0,2015-01-13T21:04:24Z,4,7
0.172.0,2015-01-13T22:11:44Z,0,0
0.173.0,2015-01-15T18:28:41Z,8,7
0.174.0,2015-01-15T20:07:54Z,1,1
0.175.0,2015-01-21T17:53:34Z,11,12
0.176.0,2015-01-26T20:58:06Z,7,7
0.177.0,2015-02-03T17:06:11Z,26,21
0.178.0,2015-02-10T22:16:58Z,23,22
0.179.0,2015-02-11T20:20:24Z,5,1
0.180.0,2015-02-17T23:59:49Z,17,19
0.181.0,2015-02-18T21:37:06Z,3,5
0.182.0,2015-02-20T06:19:08Z,5,6
0.183.0,2015-02-25T18:19:55Z,16,15
0.184.0,2015-02-25T22:20:08Z,2,1
0.185.0,2015-03-03T19:09:33Z,13,13
0.186.0,2015-03-03T21:18:02Z,1,2
0.187.0,2015-03-09T21:07:04Z,19,13
0.188.0,2015-03-24T20:40:02Z,37,37
0.189.0,2015-04-01T20:13:40Z,28,28
0.190.0,2015-04-07T20:32:13Z,16,17
0.191.0,2015-04-14T18:36:12Z,13,15
0.192.0,2015-04-15T17:32:22Z,6,3
0.193.0,2015-04-21T18:43:54Z,13,16
0.194.0,2015-04-22T01:56:56Z,3,5
0.195.0,2015-04-30T18:37:06Z,30,27
0.196.0,2015-04-30T20:36:42Z,0,0
0.197.0,2015-05-07T01:18:41Z,10,8
0.198.0,2015-05-07T17:31:21Z,0,0
0.199.0,2015-05-14T19:31:38Z,32,27
0.200.0,2015-05-19T22:25:58Z,11,10
0.201.0,2015-05-21T20:37:38Z,10,10
0.202.0,2015-05-27T19:56:32Z,14,15
0.203.0,2015-05-28T15:11:05Z,4,3
0.204.0,2015-05-28T16:06:56Z,0,0
0.205.0,2015-06-02T15:51:33Z,16,13
0.206.0,2015-06-04T21:07:53Z,8,14
0.207.0,2015-06-05T19:05:05Z,4,2
0.208.0,2015-06-09T18:51:39Z,17,19
0.209.0,2015-06-11T16:57:30Z,7,11
0.210.0,2015-06-17T21:11:35Z,17,15
0.211.0,2015-06-22T20:09:11Z,10,10
1.0.0,2015-06-25T10:05:58Z,3,3
1.0.1,2015-07-08T17:43:55Z,43,39
1.0.2,2015-07-08T21:04:23Z,2,1
1.0.3,2015-07-28T17:57:44Z,59,54
1.0.4,2015-08-04T20:54:23Z,29,31
1.0.5,2015-08-06T20:40:04Z,9,5
1.0.6,2015-08-11T22:59:31Z,6,7
1.0.7,2015-08-12T21:33:28Z,1,3
1.0.8,2015-08-27T17:28:31Z,42,35
1.0.9,2015-08-28T20:55:24Z,7,7
1.0.10,2015-09-01T21:15:39Z,17,10
1.0.11,2015-09-02T18:20:59Z,4,2
1.0.12,2015-09-17T17:43:31Z,41,30
1.0.13,2015-09-17T23:21:52Z,2,1
1.0.14,2015-09-18T17:20:39Z,2,4
1.0.15,2015-09-18T21:18:30Z,1,1
1.0.16,2015-09-23T16:07:01Z,12,15
1.0.17,2015-09-24T18:37:40Z,6,6
1.0.18,2015-09-24T21:09:25Z,2,1
1.0.19,2015-09-25T18:19:53Z,1,3
1.1.0-beta1,2015-10-07T22:29:51Z,26,25
1.1.0,2015-10-29T18:00:41Z,53,48
1.2.0-beta0,2015-10-29T18:00:42Z,0,0
1.2.0-beta1,2015-11-02T17:48:30Z,8,8
1.2.0-beta2,2015-11-09T21:32:40Z,26,21
1.2.0-beta3,2015-11-11T19:05:34Z,8,12
1.2.0,2015-11-12T16:59:31Z,1,3
1.3.0-beta0,2015-11-12T16:59:32Z,0,0
1.2.1,2015-11-13T23:14:25Z,2,5
1.3.0-beta2,2015-11-17T16:53:13Z,11,2
1.3.0-beta3,2015-11-17T19:46:47Z,1,0
1.2.2,2015-11-18T18:58:58Z,6,5
1.3.0-beta4,2015-11-18T19:07:48Z,0,1
1.2.3,2015-11-19T15:13:37Z,4,1
1.3.0-beta5,2015-11-19T19:10:55Z,0,1
1.2.4,2015-11-20T23:54:59Z,4,5
1.3.0-beta6,2015-11-23T18:50:56Z,5,3
1.3.0-beta7,2015-12-08T23:10:06Z,23,29
1.3.0,2015-12-09T22:18:25Z,1,1
1.4.0-beta0,2015-12-09T22:18:26Z,0,0
1.3.1,2015-12-10T18:49:11Z,3,2
1.4.0-beta1,2015-12-15T22:02:12Z,12,9
1.3.2,2015-12-16T18:19:01Z,2,0
1.4.0-beta2,2015-12-16T18:21:29Z,0,0
1.4.0-beta3,2015-12-18T22:09:25Z,2,3
1.3.3,2016-01-08T19:41:10Z,31,22
1.4.0,2016-01-13T21:29:22Z,17,19
1.5.0-beta0,2016-01-13T21:29:23Z,0,0
1.4.1,2016-01-25T17:41:07Z,19,18
1.5.0-beta1,2016-01-25T18:29:46Z,0,0
1.4.2,2016-01-28T07:04:30Z,3,12
1.5.0-beta2,2016-02-01T19:01:52Z,3,1
1.4.3,2016-02-02T19:50:47Z,5,5
1.5.0-beta3,2016-02-02T19:59:42Z,0,0
1.5.0,2016-02-09T18:40:36Z,17,22
1.6.0-beta0,2016-02-09T18:40:37Z,0,0
1.5.1,2016-02-10T20:17:43Z,3,5
1.6.0-beta1,2016-02-10T20:19:48Z,0,0
1.6.0-beta2,2016-02-11T18:48:11Z,2,1
1.5.2,2016-02-11T19:02:12Z,0,0
1.5.3,2016-02-12T20:35:18Z,6,5
1.6.0-beta3,2016-02-12T20:36:54Z,0,0
1.6.0-beta4,2016-02-17T21:37:40Z,19,15
1.6.0-beta5,2016-02-22T19:42:17Z,16,19
1.6.0-beta6,2016-02-26T19:34:51Z,11,8
1.5.4,2016-03-01T19:38:50Z,9,14
1.6.0-beta7,2016-03-02T15:03:50Z,4,2
1.6.0-beta8,2016-03-08T18:38:11Z,26,25
1.6.0,2016-03-17T17:11:30Z,11,17
1.7.0-beta0,2016-03-17T20:06:53Z,2,0
1.6.1,2016-03-29T16:08:13Z,18,14
1.7.0-beta1,2016-03-29T19:59:42Z,0,0
1.7.0-beta2,2016-03-30T09:02:04Z,4,3
1.7.0-beta3,2016-03-30T17:46:02Z,3,1
1.7.0-beta4,2016-03-30T22:51:15Z,1,1
1.6.2,2016-04-01T21:55:52Z,9,14
1.7.0-beta5,2016-04-07T21:52:44Z,11,8
1.7.0,2016-04-13T18:38:46Z,15,11
1.8.0-beta0,2016-04-13T18:39:07Z,0,0
1.7.1,2016-04-14T22:45:35Z,4,1
1.8.0-beta1,2016-04-14T22:55:09Z,0,0
1.8.0-beta2,2016-04-19T00:52:30Z,7,7
1.7.2,2016-04-19T00:52:46Z,0,0
1.7.3,2016-04-28T15:38:43Z,32,23
1.8.0-beta3,2016-04-28T15:41:32Z,0,0
1.7.4,2016-05-20T00:03:09Z,27,38
1.8.0-beta4,2016-05-20T00:18:40Z,0,0
1.9.0-beta0,2016-06-06T16:24:25Z,23,19
1.8.0,2016-06-06T21:29:19Z,1,1
1.9.0-beta1,2016-07-22T22:43:06Z,65,53
1.9.0-beta2,2016-07-27T23:30:16Z,10,12
1.9.0,2016-07-29T21:12:56Z,2,3
1.10.0-beta0,2016-07-29T22:51:45Z,0,0
1.9.1,2016-08-02T18:47:56Z,5,2
1.9.2,2016-08-03T00:38:03Z,3,5
1.10.0-beta1,2016-08-03T14:29:20Z,2,1
1.9.3,2016-08-04T21:03:06Z,2,4
1.9.4,2016-08-04T23:49:31Z,1,0
1.9.5,2016-08-05T18:39:34Z,0,0
1.10.0-beta2,2016-08-05T19:18:28Z,1,0
1.9.6,2016-08-06T14:40:11Z,1,3
1.10.0-beta3,2016-08-06T14:47:51Z,0,0
1.9.7,2016-08-08T19:36:05Z,4,6
1.10.0-beta4,2016-08-08T19:36:22Z,0,0
1.9.8,2016-08-10T18:54:19Z,6,9
1.10.0-beta5,2016-08-10T19:00:25Z,0,0
1.10.0-beta6,2016-08-17T21:45:26Z,17,14
1.9.9,2016-08-17T23:27:06Z,0,0
1.10.0-beta7,2016-08-23T18:55:20Z,6,6
1.10.0,2016-08-30T17:58:46Z,19,18
1.11.0-beta0,2016-08-30T20:45:44Z,1,1
1.11.0-beta1,2016-09-01T09:09:29Z,7,7
1.11.0-beta2,2016-09-01T15:14:43Z,2,2
1.11.0-beta3,2016-09-02T14:07:06Z,2,3
1.10.1,2016-09-06T17:26:25Z,3,4
1.11.0-beta4,2016-09-06T17:27:15Z,0,0
1.11.0-beta5,2016-09-07T21:05:06Z,2,3
1.10.2,2016-09-07T21:06:15Z,0,0
1.12.0-beta0,2016-10-11T13:24:32Z,97,106
1.11.0,2016-10-11T13:58:41Z,0,0
1.11.1,2016-10-11T22:22:04Z,6,5
1.12.0-beta1,2016-10-12T17:50:09Z,1,0
1.12.0-beta2,2016-10-15T03:58:14Z,10,6
1.11.2,2016-10-17T21:18:42Z,7,5
1.12.0-beta3,2016-10-18T17:41:54Z,0,3
1.12.0-beta4,2016-10-25T01:30:09Z,9,5
1.12.0-beta5,2016-10-27T20:43:19Z,9,10
1.12.0-beta6,2016-11-02T00:20:30Z,13,12
1.12.0-beta7,2016-11-03T04:07:03Z,0,2
1.12.0,2016-11-09T19:55:15Z,7,6
1.13.0-beta0,2016-11-09T19:55:15Z,0,0
1.12.1,2016-11-10T22:09:05Z,2,1
1.13.0-beta1,2016-11-10T22:09:30Z,0,0
1.12.2,2016-11-11T21:12:29Z,4,4
1.13.0-beta2,2016-11-11T21:38:11Z,0,1
1.12.3,2016-11-15T09:38:55Z,1,1
1.13.0-beta3,2016-11-15T09:39:51Z,0,0
1.12.4,2016-11-17T21:32:53Z,5,6
1.13.0-beta4,2016-11-17T22:46:38Z,1,1
1.12.5,2016-11-21T00:44:05Z,5,4
1.13.0-beta5,2016-11-21T00:44:25Z,0,0
1.12.6,2016-11-25T13:22:11Z,12,10
1.13.0-beta6,2016-11-25T13:22:27Z,0,0
1.12.7,2016-12-08T20:26:09Z,14,16
1.13.0-beta7,2016-12-08T20:42:41Z,1,0
1.13.0-beta8,2016-12-09T17:47:43Z,4,3
1.13.0-beta9,2017-01-03T19:41:46Z,28,32
1.12.8,2017-01-03T20:05:15Z,0,0
1.12.9,2017-01-04T23:19:46Z,4,3
1.13.0-beta10,2017-01-04T23:21:31Z,0,0
1.13.0,2017-01-10T18:13:18Z,7,10
1.14.0-beta0,2017-01-10T18:13:19Z,0,0
1.14.0-beta1,2017-01-14T00:41:58Z,14,19
1.14.0-beta2,2017-01-18T06:33:39Z,5,5
1.13.1,2017-01-24T12:51:29Z,13,17
1.14.0-beta3,2017-01-25T09:04:11Z,1,0
1.14.0-beta4,2017-02-02T14:01:45Z,5,5
1.14.0,2017-02-07T23:48:24Z,14,10
1.15.0-beta0,2017-02-08T19:53:04Z,0,0
1.14.1,2017-02-09T21:15:28Z,0,0
1.15.0-beta1,2017-02-09T21:16:55Z,0,0
1.14.2,2017-02-14T18:24:48Z,10,5
1.15.0-beta2,2017-02-14T18:25:01Z,0,0
1.14.3,2017-02-17T16:53:06Z,8,5
1.15.0-beta3,2017-02-17T17:26:09Z,0,0
1.15.0-beta4,2017-02-27T17:32:37Z,6,9
1.14.4,2017-02-27T17:32:59Z,0,0
1.15.0,2017-03-08T20:18:47Z,21,16
1.16.0-beta0,2017-03-08T23:50:26Z,0,0
1.16.0,2017-04-11T18:06:14Z,50,51
1.17.0-beta0,2017-04-12T18:00:29Z,4,5
1.17.0-beta1,2017-04-13T16:18:35Z,1,4
1.17.0-beta2,2017-04-14T15:39:17Z,2,3
1.17.0-beta3,2017-04-18T16:52:31Z,7,7
1.17.0-beta4,2017-04-26T18:30:17Z,11,7